year,pos,nltk_freq,spacy_freq,abs_diff
1973,VERB,0.20505829804513023,0.16842223218287763,0.0366360658622526
1973,SYM,0.0,0.0,0.0
1973,X,0.0016242241429317247,0.0006163155535634245,0.0010079085893683003
1973,PROPN,0.0,0.06297624383684447,0.06297624383684447
1973,NOUN,0.2791925285689425,0.15228597041685343,0.12690655815208907
1973,.,0.0,0.0,0.0
1973,PRT,0.03463077904750855,0.0,0.03463077904750855
1973,NUM,0.00417657636753872,0.0044822949350067235,0.0003057185674680031
1973,DET,0.08579383954985788,0.08297848498431197,0.002815354565545908
1973,AUX,0.0,0.06112729717615419,0.06112729717615419
1973,PART,0.0,0.03272075302554908,0.03272075302554908
1973,PUNCT,0.0,0.00011205737337516809,0.00011205737337516809
1973,ADP,0.0886362317999884,0.08606006275212909,0.002576169047859317
1973,ADV,0.060966413365044374,0.05597265800089646,0.004993755364147916
1973,PRON,0.15238702941005858,0.17464141640519945,0.022254386995140873
1973,SCONJ,0.0,0.01910578216046616,0.01910578216046616
1973,INTJ,0.0,0.020282384580905425,0.020282384580905425
1973,CCONJ,0.0,0.030423576871358136,0.030423576871358136
1973,ADJ,0.0560937409362492,0.04779246974450919,0.008301271191740012
1973,CONJ,0.031440338766749815,0.0,0.031440338766749815
1974,VERB,0.20505970230630827,0.1802873230542546,0.024772379252053667
1974,SYM,0.0,0.0,0.0
1974,X,0.0025625647456518183,0.0006841025101299795,0.0018784622355218388
1974,PROPN,0.0,0.0566226385307583,0.0566226385307583
1974,NOUN,0.28449920942151463,0.14697679313792558,0.13752241628358905
1974,.,0.0,0.0,0.0
1974,PRT,0.03473093070170656,0.0,0.03473093070170656
1974,NUM,0.003380404558093888,0.0038941219807398834,0.0005137174226459954
1974,DET,0.0809116187776021,0.07735620691469768,0.003555411862904423
1974,AUX,0.0,0.05567541967057833,0.05567541967057833
1974,PART,0.0,0.035573330526758935,0.035573330526758935
1974,PUNCT,0.0,0.0002104930800399937,0.0002104930800399937
1974,ADP,0.09050760591025571,0.08256591064568752,0.007941695264568185
1974,ADV,0.061556076549806445,0.056570015260748306,0.0049860612890581385
1974,PRON,0.16149610163022737,0.18739146450560437,0.025895362875376998
1974,SCONJ,0.0,0.019523233173709416,0.019523233173709416
1974,INTJ,0.0,0.027521970215229175,0.027521970215229175
1974,CCONJ,0.0,0.03104772930589907,0.03104772930589907
1974,ADJ,0.043236464751104084,0.038099247487238856,0.005137217263865228
1974,CONJ,0.03205932064772913,0.0,0.03205932064772913
1975,VERB,0.20582499842737623,0.16590784920779458,0.039917149219581644
1975,SYM,0.0,0.0,0.0
1975,X,0.008680883185506699,0.0011534025374855825,0.007527480648021116
1975,PROPN,0.0,0.05044618466581679,0.05044618466581679
1975,NOUN,0.2687928539976096,0.15716627208158807,0.11162658191602154
1975,.,0.0,0.0,0.0
1975,PRT,0.02874756243316349,0.0,0.02874756243316349
1975,NUM,0.004214631691514122,0.004735020943361865,0.0005203892518477428
1975,DET,0.08517330313895703,0.07503187033327263,0.0101414328056844
1975,AUX,0.0,0.06015904813937959,0.06015904813937959
1975,PART,0.0,0.032659503429854915,0.032659503429854915
1975,PUNCT,0.0,0.00012141079341953499,0.00012141079341953499
1975,ADP,0.09133798829967918,0.08844776300613125,0.0028902252935479322
1975,ADV,0.06510662389130024,0.055120500212468886,0.009986123678831359
1975,PRON,0.15462036862301062,0.17993079584775087,0.02531042722474025
1975,SCONJ,0.0,0.018757967583318158,0.018757967583318158
1975,INTJ,0.0,0.031931038669337705,0.031931038669337705
1975,CCONJ,0.0,0.026346142172039094,0.026346142172039094
1975,ADJ,0.06064037239730767,0.05208523037698051,0.008555142020327158
1975,CONJ,0.02686041391457508,0.0,0.02686041391457508
1976,VERB,0.2049487768012092,0.18255468539022415,0.022394091410985056
1976,SYM,0.0,0.0,0.0
1976,X,0.0029110451771818843,0.0005941128814474751,0.002316932295734409
1976,PROPN,0.0,0.06070753443154199,0.06070753443154199
1976,NOUN,0.29088059116609755,0.1603564677288685,0.13052412343722905
1976,.,0.0,0.0,0.0
1976,PRT,0.04047472429043274,0.0,0.04047472429043274
1976,NUM,0.004030677937636455,0.003888738860383473,0.00014193907725298244
1976,DET,0.07848625650786542,0.07431812044288415,0.004168136064981273
1976,AUX,0.0,0.05033756413718606,0.05033756413718606
1976,PART,0.0,0.036240885768295976,0.036240885768295976
1976,PUNCT,0.0,0.0,0.0
1976,ADP,0.07551922969266081,0.07610045908722657,0.0005812293945657576
1976,ADV,0.0647147735542742,0.05865514447745072,0.006059629076823482
1976,PRON,0.15406146783854896,0.180232244126384,0.02617077628783504
1976,SCONJ,0.0,0.020955981636510936,0.020955981636510936
1976,INTJ,0.0,0.020415879017013232,0.020415879017013232
1976,CCONJ,0.0,0.029003510667026736,0.029003510667026736
1976,ADJ,0.05379835413984213,0.04563867134755604,0.008159682792286092
1976,CONJ,0.030174102894250685,0.0,0.030174102894250685
1977,VERB,0.21506066262249182,0.17671927846674182,0.03834138415575
1977,SYM,0.0,0.0,0.0
1977,X,0.0017498833411105927,0.0002818489289740699,0.0014680344121365228
1977,PROPN,0.0,0.043122886133032695,0.043122886133032695
1977,NOUN,0.2581661222585161,0.15197294250281848,0.10619317975569761
1977,.,0.0,0.0,0.0
1977,PRT,0.04030564629024732,0.0,0.04030564629024732
1977,NUM,0.0030914605692953802,0.003213077790304397,0.00012161722100901672
1977,DET,0.08562762482501167,0.08128523111612176,0.004342393708889905
1977,AUX,0.0,0.06076662908680947,0.06076662908680947
1977,PART,0.0,0.0370913190529876,0.0370913190529876
1977,PUNCT,0.0,0.0,0.0
1977,ADP,0.09274381707886141,0.09363021420518602,0.0008863971263246145
1977,ADV,0.06392907139524032,0.05270574971815107,0.011223321677089247
1977,PRON,0.15626458236117594,0.18342728297632468,0.02716270061514875
1977,SCONJ,0.0,0.019616685456595263,0.019616685456595263
1977,INTJ,0.0,0.017531003382187146,0.017531003382187146
1977,CCONJ,0.0,0.026606538895152198,0.026606538895152198
1977,ADJ,0.055704619692020535,0.0520293122886133,0.003675307403407234
1977,CONJ,0.027356509566028933,0.0,0.027356509566028933
1978,VERB,0.22087151673835795,0.1779218440482622,0.04294967269009575
1978,SYM,0.0,0.0,0.0
1978,X,0.0017299420235646157,4.502070952638214e-05,0.0016849213140382336
1978,PROPN,0.0,0.04871240770754547,0.04871240770754547
1978,NOUN,0.253319618477651,0.1415901314604718,0.11172948701717919
1978,.,0.0,0.0,0.0
1978,PRT,0.040957546287637925,0.0,0.040957546287637925
1978,NUM,0.003039087338694595,0.0031514496668467494,0.00011236232815215429
1978,DET,0.07667851131475593,0.07185305240410589,0.004825458910650046
1978,AUX,0.0,0.06460471817035837,0.06460471817035837
1978,PART,0.0,0.03858274806410949,0.03858274806410949
1978,PUNCT,0.0,4.502070952638214e-05,4.502070952638214e-05
1978,ADP,0.08336450345988405,0.08198271204754187,0.0013817914123421815
1978,ADV,0.07508883486066953,0.06609040158472898,0.008998433275940548
1978,PRON,0.1590611557882925,0.18661084098685396,0.027549685198561463
1978,SCONJ,0.0,0.024176121015667205,0.024176121015667205
1978,INTJ,0.0,0.016117414010444805,0.016117414010444805
1978,CCONJ,0.0,0.02660723933009184,0.02660723933009184
1978,ADJ,0.05825696652328408,0.0519088780839186,0.006348088439365483
1978,CONJ,0.02763231718720778,0.0,0.02763231718720778
1979,VERB,0.22281487445277512,0.17931569254628282,0.043499181906492296
1979,SYM,0.0,4.846370068818455e-05,4.846370068818455e-05
1979,X,0.0010567101091933778,0.00024231850344092276,0.0008143916057524551
1979,PROPN,0.0,0.04434428612968886,0.04434428612968886
1979,NOUN,0.24349620087555982,0.1364253174372395,0.1070708834383203
1979,.,0.0,0.0,0.0
1979,PRT,0.034418557842298594,0.0,0.034418557842298594
1979,NUM,0.0036733256176722188,0.0030532131433556268,0.000620112474316592
1979,DET,0.07623408644895084,0.0715324222157604,0.004701664233190447
1979,AUX,0.0,0.06537753222836096,0.06537753222836096
1979,PART,0.0,0.04022487157119318,0.04022487157119318
1979,PUNCT,0.0,9.69274013763691e-05,9.69274013763691e-05
1979,ADP,0.08091380264680723,0.07792963070660075,0.002984171940206476
1979,ADV,0.07381874905650883,0.06455364931666183,0.009265099739847002
1979,PRON,0.17355205555276002,0.1960356692837065,0.022483613730946483
1979,SCONJ,0.0,0.0219540564117476,0.0219540564117476
1979,INTJ,0.0,0.021566346806242125,0.021566346806242125
1979,CCONJ,0.0,0.030047494426674422,0.030047494426674422
1979,ADJ,0.05912544658581996,0.04725210817097993,0.011873338414840028
1979,CONJ,0.030896190811654,0.0,0.030896190811654
1980,VERB,0.21333333333333335,0.1834662413609782,0.029867091972355153
1980,SYM,0.0,0.0,0.0
1980,X,0.0014384508990318119,0.0004784688995215311,0.0009599819995102807
1980,PROPN,0.0,0.048006379585326955,0.048006379585326955
1980,NOUN,0.2657261410788382,0.13636363636363635,0.12936250471520183
1980,.,0.0,0.0,0.0
1980,PRT,0.03839557399723375,0.0,0.03839557399723375
1980,NUM,0.004813278008298756,0.005050505050505051,0.00023722704220629533
1980,DET,0.0766804979253112,0.07049441786283892,0.006186080062472288
1980,AUX,0.0,0.06618819776714513,0.06618819776714513
1980,PART,0.0,0.038755980861244016,0.038755980861244016
1980,PUNCT,0.0,0.0,0.0
1980,ADP,0.08531120331950208,0.08410419989367358,0.0012070034258284956
1980,ADV,0.06744121715076072,0.05879851143009038,0.008642705720670343
1980,PRON,0.16055325034578147,0.1886762360446571,0.02812298569887564
1980,SCONJ,0.0,0.022328548644338118,0.022328548644338118
1980,INTJ,0.0,0.018128654970760234,0.018128654970760234
1980,CCONJ,0.0,0.028017012227538544,0.028017012227538544
1980,ADJ,0.057427385892116184,0.05114300903774588,0.006284376854370305
1980,CONJ,0.028879668049792532,0.0,0.028879668049792532
1981,VERB,0.2158508421111925,0.1795052238401992,0.03634561827099328
1981,SYM,0.0,0.0,0.0
1981,X,0.0009575846335830564,0.0015698587127158557,0.0006122740791327993
1981,PROPN,0.0,0.03670221404211552,0.03670221404211552
1981,NOUN,0.2480144200980116,0.14052942131759866,0.10748499878041295
1981,.,0.0,0.0,0.0
1981,PRT,0.03683884413901876,0.0,0.03683884413901876
1981,NUM,0.006477778403650087,0.006225301791804255,0.0002524766118458324
1981,DET,0.08150735087027544,0.07578628268283441,0.005721068187441031
1981,AUX,0.0,0.061116223677800036,0.061116223677800036
1981,PART,0.0,0.039300600876955555,0.039300600876955555
1981,PUNCT,0.0,0.0,0.0
1981,ADP,0.08466174731031376,0.08092892329345532,0.003732824016858441
1981,ADV,0.07136821945586662,0.06301088074487089,0.008357338710995726
1981,PRON,0.17326649017067539,0.20402749959400207,0.030761009423326685
1981,SCONJ,0.0,0.020299897147187787,0.020299897147187787
1981,INTJ,0.0,0.02067882856060196,0.02067882856060196
1981,CCONJ,0.0,0.03036864613219293,0.03036864613219293
1981,ADJ,0.04956908691488762,0.039950197585665564,0.009618889329222058
1981,CONJ,0.031487635892525206,0.0,0.031487635892525206
1982,VERB,0.2259620538106978,0.18307248764415157,0.04288956616654624
1982,SYM,0.0,0.0,0.0
1982,X,0.0020902561903741023,0.00010296540362438221,0.00198729078674972
1982,PROPN,0.0,0.03737644151565074,0.03737644151565074
1982,NOUN,0.2537249437238718,0.1429674629324547,0.11075748079141709
1982,.,5.359631257369493e-05,0.0,5.359631257369493e-05
1982,PRT,0.035051988423196484,0.0,0.035051988423196484
1982,NUM,0.003751741880158645,0.004015650741350906,0.00026390886119226093
1982,DET,0.0760531675420731,0.07125205930807249,0.004801108234000609
1982,AUX,0.0,0.07506177924217462,0.07506177924217462
1982,PART,0.0,0.03758237232289951,0.03758237232289951
1982,PUNCT,0.0,0.0001544481054365733,0.0001544481054365733
1982,ADP,0.08709400793225426,0.08329901153212521,0.00379499640012905
1982,ADV,0.06994318790867188,0.057866556836902804,0.012076631071769074
1982,PRON,0.16668453210419124,0.19820840197693576,0.031523869872744525
1982,SCONJ,0.0,0.022189044481054365,0.022189044481054365
1982,INTJ,0.0,0.014621087314662273,0.014621087314662273
1982,CCONJ,0.0,0.02337314662273476,0.02337314662273476
1982,ADJ,0.05568656876406903,0.048857084019769355,0.006829484744299674
1982,CONJ,0.02390395540786794,0.0,0.02390395540786794
1983,VERB,0.21779559802081555,0.18204949316698815,0.0357461048538274
1983,SYM,0.0,0.0,0.0
1983,X,0.0013222999488141955,0.0002051955513604465,0.001117104397453749
1983,PROPN,0.0,0.04399392621167973,0.04399392621167973
1983,NOUN,0.26190069953932776,0.14010752246891287,0.1217931770704149
1983,.,0.0,0.0,0.0
1983,PRT,0.035104930899163965,0.0,0.035104930899163965
1983,NUM,0.007805835181709606,0.008166782944145771,0.0003609477624361649
1983,DET,0.07955127111414434,0.07522468912873968,0.004326581985404657
1983,AUX,0.0,0.06755037550785899,0.06755037550785899
1983,PART,0.0,0.037673903229777976,0.037673903229777976
1983,PUNCT,0.0,0.0,0.0
1983,ADP,0.08321958710117727,0.08129847744900891,0.0019211096521683652
1983,ADV,0.07106295853949839,0.06320022981901752,0.007862728720480869
1983,PRON,0.15829210032417676,0.19111913653711987,0.03282703621294311
1983,SCONJ,0.0,0.02220215865720031,0.02220215865720031
1983,INTJ,0.0,0.015594861903393934,0.015594861903393934
1983,CCONJ,0.0,0.02745516477202774,0.02745516477202774
1983,ADJ,0.055451288176079166,0.04415808265276809,0.011293205523311076
1983,CONJ,0.028493431155092987,0.0,0.028493431155092987
1984,VERB,0.21526738967838444,0.18923891581403698,0.02602847386434745
1984,SYM,0.0,0.0,0.0
1984,X,0.0018231114435302918,0.0013911326512295818,0.00043197879230071003
1984,PROPN,0.0,0.04900376952073236,0.04900376952073236
1984,NOUN,0.27346671652954374,0.14499192245557352,0.12847479407397022
1984,.,0.0,0.0,0.0
1984,PRT,0.032909498878085267,0.0,0.032909498878085267
1984,NUM,0.004581151832460733,0.004352898940944175,0.0002282528915165576
1984,DET,0.08325542258788332,0.08005744031592174,0.0031979822719615802
1984,AUX,0.0,0.05537605456830012,0.05537605456830012
1984,PART,0.0,0.0341949380721594,0.0341949380721594
1984,PUNCT,0.0,0.0,0.0
1984,ADP,0.09213724756918475,0.0854873451803985,0.006649902388786252
1984,ADV,0.06324794315632012,0.05833782085801472,0.004910122298305404
1984,PRON,0.1520194465220643,0.18654640100520553,0.03452695448314122
1984,SCONJ,0.0,0.021629868964279302,0.021629868964279302
1984,INTJ,0.0,0.01812959971279842,0.01812959971279842
1984,CCONJ,0.0,0.025937892658409623,0.025937892658409623
1984,ADJ,0.05455310396409873,0.04532399928199605,0.009229104682102682
1984,CONJ,0.026738967838444278,0.0,0.026738967838444278
1985,VERB,0.21849331142924197,0.18015418601505792,0.03833912541418405
1985,SYM,0.0,0.0,0.0
1985,X,0.0014081201595869514,0.00013525089040169515,0.0012728692691852564
1985,PROPN,0.0,0.044407375681889905,0.044407375681889905
1985,NOUN,0.2633184698427599,0.13822640999053243,0.1250920598522275
1985,.,4.693733865289838e-05,0.0,4.693733865289838e-05
1985,PRT,0.03867636704998827,0.0,0.03867636704998827
1985,NUM,0.005303919267777517,0.004959199314728822,0.0003447199530486949
1985,DET,0.0810607838535555,0.0777241783508408,0.0033366055027146957
1985,AUX,0.0,0.06884270321446283,0.06884270321446283
1985,PART,0.0,0.03877192191515261,0.03877192191515261
1985,PUNCT,0.0,4.5083630133898384e-05,4.5083630133898384e-05
1985,ADP,0.08467495892982868,0.08317929759704251,0.001495661332786169
1985,ADV,0.06303684581084253,0.05838330102339841,0.004653544787444119
1985,PRON,0.16348275052804506,0.19593345656192238,0.03245070603387731
1985,SCONJ,0.0,0.01979171362878139,0.01979171362878139
1985,INTJ,0.0,0.01726703034128308,0.01726703034128308
1985,CCONJ,0.0,0.026960010820071233,0.026960010820071233
1985,ADJ,0.05308613001642807,0.04521888102430008,0.007867248992127991
1985,CONJ,0.027411405773292655,0.0,0.027411405773292655
1986,VERB,0.22436156366410842,0.17822507650532304,0.04613648715878538
1986,SYM,0.0,0.0,0.0
1986,X,0.002827521206409048,0.00034481272358950044,0.002482708482819548
1986,PROPN,0.0,0.04930821947329857,0.04930821947329857
1986,NOUN,0.27247430546205287,0.13947674669195292,0.13299755877009994
1986,.,0.0,0.0,0.0
1986,PRT,0.03594991248148647,0.0,0.03594991248148647
1986,NUM,0.004533010188052601,0.004439463816214818,9.35463718377827e-05
1986,DET,0.08442170459135587,0.08124649799577605,0.0031752065955798214
1986,AUX,0.0,0.06986767811732253,0.06986767811732253
1986,PART,0.0,0.039998275936382055,0.039998275936382055
1986,PUNCT,0.0,8.620318089737511e-05,8.620318089737511e-05
1986,ADP,0.07423365199048516,0.07008318606956597,0.004150465920919194
1986,ADV,0.0622952291189803,0.05555795008835826,0.006737279030622038
1986,PRON,0.15856559400385978,0.189129778888841,0.03056418488498122
1986,SCONJ,0.0,0.02150769363389509,0.02150769363389509
1986,INTJ,0.0,0.02995560536183785,0.02995560536183785
1986,CCONJ,0.0,0.022111115900176715,0.022111115900176715
1986,ADJ,0.057403168619002735,0.04866169561656825,0.008741473002434483
1986,CONJ,0.022934338674206724,0.0,0.022934338674206724
1987,VERB,0.22165316317534947,0.19029610556807208,0.03135705760727739
1987,SYM,0.0,0.0,0.0
1987,X,0.0023508668821627977,0.002132281943997425,0.0002185849381653726
1987,PROPN,0.0,0.04336981010621178,0.04336981010621178
1987,NOUN,0.258469417740649,0.1335693595107821,0.12490005822986691
1987,.,0.0,0.0,0.0
1987,PRT,0.03820158683514546,0.0,0.03820158683514546
1987,NUM,0.0034423407917383822,0.0032185387833923397,0.00022380200834604255
1987,DET,0.07249905545527056,0.06887672996459607,0.0036223254906744967
1987,AUX,0.0,0.06429031219826199,0.06429031219826199
1987,PART,0.0,0.0426456388799485,0.0426456388799485
1987,PUNCT,0.0,4.023173479240425e-05,4.023173479240425e-05
1987,ADP,0.08055917047982872,0.0766012230447377,0.003957947435091022
1987,ADV,0.07350656983334034,0.06332475056324428,0.010181819270096051
1987,PRON,0.1685907392636749,0.19858384293530737,0.029993103671632465
1987,SCONJ,0.0,0.021202124235597038,0.021202124235597038
1987,INTJ,0.0,0.02405857740585774,0.02405857740585774
1987,CCONJ,0.0,0.02337463791438687,0.02337463791438687
1987,ADJ,0.056672683766424585,0.04441583521081429,0.012256848555610295
1987,CONJ,0.024054405776415766,0.0,0.024054405776415766
1988,VERB,0.2258676575223338,0.18224352390733767,0.04362413361499612
1988,SYM,0.0,0.0,0.0
1988,X,0.001383508577753182,0.00011411617026132602,0.001269392407491856
1988,PROPN,0.0,0.03822891703754422,0.03822891703754422
1988,NOUN,0.25029646612380424,0.1280383430332078,0.12225812309059644
1988,.,0.0,0.0,0.0
1988,PRT,0.035892165388568265,0.0,0.035892165388568265
1988,NUM,0.004071468100245079,0.0045266080870325996,0.00045513998678752086
1988,DET,0.0660131235670804,0.06245958385636578,0.0035535397107146205
1988,AUX,0.0,0.07934877705504204,0.07934877705504204
1988,PART,0.0,0.04153828597512268,0.04153828597512268
1988,PUNCT,0.0,7.607744684088402e-05,7.607744684088402e-05
1988,ADP,0.08324768756423433,0.07794134428848568,0.005306343275748651
1988,ADV,0.07166574432761483,0.06234546768610445,0.009320276641510375
1988,PRON,0.1830579492449996,0.21510898094259956,0.03205103169759996
1988,SCONJ,0.0,0.023317737456730953,0.023317737456730953
1988,INTJ,0.0,0.017878200007607745,0.017878200007607745
1988,CCONJ,0.0,0.023317737456730953,0.023317737456730953
1988,ADJ,0.054549766779982606,0.04351629959298566,0.011033467186996944
1988,CONJ,0.023954462803383668,0.0,0.023954462803383668
1989,VERB,0.22907933550690887,0.18084788774443947,0.048231447762469404
1989,SYM,0.0,7.463800567248842e-05,7.463800567248842e-05
1989,X,0.0032215494488433472,0.0008583370652336169,0.0023632123836097303
1989,PROPN,0.0,0.03981937602627258,0.03981937602627258
1989,NOUN,0.25582207731718676,0.1360650843409464,0.11975699297624035
1989,.,0.0,0.0,0.0
1989,PRT,0.03543704393727682,0.0,0.03543704393727682
1989,NUM,0.0043859649122807015,0.004776832363039259,0.0003908674507585577
1989,DET,0.07277596646483465,0.07187639946260636,0.0008995670022282909
1989,AUX,0.0,0.07157784743991641,0.07157784743991641
1989,PART,0.0,0.043551276309897,0.043551276309897
1989,PUNCT,0.0,0.00011195700850873264,0.00011195700850873264
1989,ADP,0.07689023443564665,0.07079414838035528,0.006096086055291369
1989,ADV,0.07254308337214718,0.060046275563516945,0.012496807808630238
1989,PRON,0.17291569632044715,0.20133602030153755,0.0284203239810904
1989,SCONJ,0.0,0.0235482907896701,0.0235482907896701
1989,INTJ,0.0,0.02780265711300194,0.02780265711300194
1989,CCONJ,0.0,0.02436930885206747,0.02436930885206747
1989,ADJ,0.05270920664493091,0.04254366323331841,0.0101655434116125
1989,CONJ,0.02421984163949697,0.0,0.02421984163949697
1990,VERB,0.21151124946936464,0.17544995909462777,0.036061290374736876
1990,SYM,0.0,3.408781019907281e-05,3.408781019907281e-05
1990,X,0.002157917079383048,0.001602127079356422,0.0005557900000266259
1990,PROPN,0.0,0.05644941368966458,0.05644941368966458
1990,NOUN,0.27189755200226406,0.14275974911371694,0.12913780288854712
1990,.,0.0,0.0,0.0
1990,PRT,0.03643696052073015,0.0,0.03643696052073015
1990,NUM,0.005200226404414886,0.005419961821652577,0.000219735417237691
1990,DET,0.07977218055752087,0.07495909462776111,0.004813085929759764
1990,AUX,0.0,0.06616443959640032,0.06616443959640032
1990,PART,0.0,0.03558767384783201,0.03558767384783201
1990,PUNCT,0.0,6.817562039814562e-05,6.817562039814562e-05
1990,ADP,0.08072732418282157,0.0815039541859831,0.000776630003161527
1990,ADV,0.06463138531201358,0.05222252522497955,0.012408860087034033
1990,PRON,0.16867128909013726,0.19787973820561766,0.0292084491154804
1990,SCONJ,0.0,0.021952549768202892,0.021952549768202892
1990,INTJ,0.0,0.01735069539132806,0.01735069539132806
1990,CCONJ,0.0,0.02774747750204527,0.02774747750204527
1990,ADJ,0.05023347955285128,0.04284837742023452,0.007385102132616762
1990,CONJ,0.028760435828498656,0.0,0.028760435828498656
1991,VERB,0.21787045761809168,0.1810803356841732,0.03679012193391848
1991,SYM,0.0,0.0,0.0
1991,X,0.001761645294768323,0.001181986525353611,0.0005796587694147121
1991,PROPN,0.0,0.04574287853118474,0.04574287853118474
1991,NOUN,0.260518661149576,0.14569953902525512,0.11481912212432088
1991,.,0.0,0.0,0.0
1991,PRT,0.03785488958990536,0.0,0.03785488958990536
1991,NUM,0.004547502970215904,0.004333950592963241,0.00021355237725266367
1991,DET,0.08578802900569463,0.08187226665616013,0.003915762349534502
1991,AUX,0.0,0.0652062566486742,0.0652062566486742
1991,PART,0.0,0.037035577794413146,0.037035577794413146
1991,PUNCT,0.0,0.0,0.0
1991,ADP,0.08546028104387726,0.07946889405460777,0.005991386989269487
1991,ADV,0.06407472653529436,0.05913872581852567,0.004936000716768696
1991,PRON,0.1579745175959687,0.19022103148024114,0.03224651388427244
1991,SCONJ,0.0,0.02163035341397108,0.02163035341397108
1991,INTJ,0.0,0.01520822662621646,0.01520822662621646
1991,CCONJ,0.0,0.026043103108624562,0.026043103108624562
1991,ADJ,0.05731492482281126,0.04613687403963595,0.011178050783175311
1991,CONJ,0.026834364373796552,0.0,0.026834364373796552
1992,VERB,0.22172908337306974,0.18772958462842612,0.033999498744643614
1992,SYM,0.0,0.0,0.0
1992,X,0.0007702747313208378,0.00045916925685221815,0.00031110547446861966
1992,PROPN,0.0,0.053475558067250635,0.053475558067250635
1992,NOUN,0.25712504126471775,0.12733116699632666,0.1297938742683911
1992,.,0.0,0.0,0.0
1992,PRT,0.04108131900377801,0.0,0.04108131900377801
1992,NUM,0.005575321864798445,0.005545351794292173,2.997007050627165e-05
1992,DET,0.07427649194879507,0.07272534614297824,0.0015511458058168337
1992,AUX,0.0,0.06555524159367053,0.06555524159367053
1992,PART,0.0,0.042066968070076295,0.042066968070076295
1992,PUNCT,0.0,0.00021192427239333144,0.00021192427239333144
1992,ADP,0.07915489858049371,0.07608081378920599,0.0030740847912877206
1992,ADV,0.06826101309467043,0.05803192992370726,0.010229083170963174
1992,PRON,0.16755309393683748,0.19740745973438825,0.02985436579755077
1992,SCONJ,0.0,0.023346990675332014,0.023346990675332014
1992,INTJ,0.0,0.01737779033625318,0.01737779033625318
1992,CCONJ,0.0,0.02694970330601865,0.02694970330601865
1992,ADJ,0.056853611121299934,0.04570500141282848,0.011148609708471452
1992,CONJ,0.02761985108021861,0.0,0.02761985108021861
1993,VERB,0.21027864609592956,0.17076175040518637,0.03951689569074318
1993,SYM,0.0,0.0,0.0
1993,X,0.0013108803065443179,0.0008103727714748784,0.0005005075350694395
1993,PROPN,0.0,0.05082658022690437,0.05082658022690437
1993,NOUN,0.2645961480286377,0.14784440842787683,0.11675173960076085
1993,.,3.3612315552418406e-05,0.0,3.3612315552418406e-05
1993,PRT,0.03677187321434574,0.0,0.03677187321434574
1993,NUM,0.0070249739504554464,0.0064505672609400325,0.0005744066895154139
1993,DET,0.07831669523713489,0.07688816855753647,0.0014285266795984186
1993,AUX,0.0,0.06285251215559157,0.06285251215559157
1993,PART,0.0,0.036369529983792545,0.036369529983792545
1993,PUNCT,0.0,3.241491085899514e-05,3.241491085899514e-05
1993,ADP,0.08668616180968707,0.08256077795786061,0.004125383851826453
1993,ADV,0.06450203354509092,0.0586709886547812,0.005831044890309715
1993,PRON,0.16386003831803972,0.19322528363047,0.029365245312430288
1993,SCONJ,0.0,0.019578606158833063,0.019578606158833063
1993,INTJ,0.0,0.01721231766612642,0.01721231766612642
1993,CCONJ,0.0,0.031183144246353323,0.031183144246353323
1993,ADJ,0.054519175826022656,0.04473257698541329,0.009786598840609367
1993,CONJ,0.032099761352559576,0.0,0.032099761352559576
1994,VERB,0.21174443355745515,0.1688298982520219,0.04291453530543324
1994,SYM,0.0,0.0,0.0
1994,X,0.0010474034530526743,0.0004891729715627446,0.0005582304814899297
1994,PROPN,0.0,0.048786851030524395,0.048786851030524395
1994,NOUN,0.2607358853937899,0.15007826767545004,0.11065761771833985
1994,.,3.378720816298949e-05,0.0,3.378720816298949e-05
1994,PRT,0.034902186032368145,0.0,0.034902186032368145
1994,NUM,0.006115484677501098,0.005772241064440386,0.0003432436130607116
1994,DET,0.0823394262932054,0.07830028698147665,0.004039139311728751
1994,AUX,0.0,0.06711453169840856,0.06711453169840856
1994,PART,0.0,0.03551395773545526,0.03551395773545526
1994,PUNCT,0.0,3.2611531437516305e-05,3.2611531437516305e-05
1994,ADP,0.08730614589316485,0.08198539003391599,0.005320755859248863
1994,ADV,0.07098692435044092,0.06075528306809288,0.01023164128234804
1994,PRON,0.1597459201946143,0.19188625097834594,0.03214033078373163
1994,SCONJ,0.0,0.023578137229324288,0.023578137229324288
1994,INTJ,0.0,0.015327419775632664,0.015327419775632664
1994,CCONJ,0.0,0.03055700495695278,0.03055700495695278
1994,ADJ,0.053654086562827316,0.04099269501695799,0.012661391545869323
1994,CONJ,0.031388316383417235,0.0,0.031388316383417235
1995,VERB,0.21615797654373323,0.17984405991382257,0.03631391662991065
1995,SYM,0.0,0.0,0.0
1995,X,0.001483679525222552,0.00044456603515491416,0.0010391134900676379
1995,PROPN,0.0,0.04650844675466794,0.04650844675466794
1995,NOUN,0.25625264942772363,0.14321865809452158,0.11303399133320205
1995,.,0.0,0.0,0.0
1995,PRT,0.04387452310300975,0.0,0.04387452310300975
1995,NUM,0.006111346615797654,0.005950345393611928,0.00016100122218572644
1995,DET,0.07927087749046206,0.07684152930716093,0.002429348183301136
1995,AUX,0.0,0.06107653375282129,0.06107653375282129
1995,PART,0.0,0.037480336502291225,0.037480336502291225
1995,PUNCT,0.0,6.839477463921757e-05,6.839477463921757e-05
1995,ADP,0.08025999717394376,0.08576704739757883,0.005507050223635068
1995,ADV,0.06913240073477463,0.05652828123931332,0.012604119495461308
1995,PRON,0.15995478310018368,0.18753847206073457,0.027583688960550884
1995,SCONJ,0.0,0.02198892004650845,0.02198892004650845
1995,INTJ,0.0,0.020415840229806442,0.020415840229806442
1995,CCONJ,0.0,0.02954654264414199,0.02954654264414199
1995,ADJ,0.056733078988271866,0.046782025853224815,0.009951053135047051
1995,CONJ,0.030768687296877206,0.0,0.030768687296877206
1996,VERB,0.21157084005015225,0.1718869631795086,0.03968387687064365
1996,SYM,0.0,0.0,0.0
1996,X,0.001647859573705893,0.004872276745319134,0.003224417171613241
1996,PROPN,0.0,0.05554395489663813,0.05554395489663813
1996,NOUN,0.26261866380082394,0.14046077817220018,0.12215788562862376
1996,.,3.5823034210997674e-05,0.0,3.5823034210997674e-05
1996,PRT,0.03618126455310765,0.0,0.03618126455310765
1996,NUM,0.006878022568511553,0.007273613141226422,0.00039559057271486894
1996,DET,0.07128783807988537,0.06768984478318368,0.0035979932967016848
1996,AUX,0.0,0.06407043920094661,0.06407043920094661
1996,PART,0.0,0.035184798496554606,0.035184798496554606
1996,PUNCT,0.0,0.00020881186051367718,0.00020881186051367718
1996,ADP,0.09066809958803511,0.08477761536855294,0.00589048421948217
1996,ADV,0.0660934981192907,0.05536994501287673,0.010723553106413972
1996,PRON,0.1753179294286226,0.2021298809772395,0.026811951548616902
1996,SCONJ,0.0,0.02523143314540266,0.02523143314540266
1996,INTJ,0.0,0.019001879306744622,0.019001879306744622
1996,CCONJ,0.0,0.027876383378575904,0.027876383378575904
1996,ADJ,0.04836109618484686,0.0384213823345166,0.00993971385033026
1996,CONJ,0.029339065018807092,0.0,0.029339065018807092
1997,VERB,0.2285425101214575,0.18345933263816475,0.04508317748329274
1997,SYM,0.0,0.0,0.0
1997,X,0.001417004048582996,0.00013034410844629823,0.0012866599401366978
1997,PROPN,0.0,0.04936783107403545,0.04936783107403545
1997,NOUN,0.25479082321187585,0.13493873826903025,0.1198520849428456
1997,.,0.0,0.0,0.0
1997,PRT,0.03286099865047234,0.0,0.03286099865047234
1997,NUM,0.005161943319838057,0.004268769551616267,0.0008931737682217897
1997,DET,0.06686909581646423,0.06553050052137643,0.0013385952950877994
1997,AUX,0.0,0.07054874869655892,0.07054874869655892
1997,PART,0.0,0.03581204379562044,0.03581204379562044
1997,PUNCT,0.0,6.517205422314912e-05,6.517205422314912e-05
1997,ADP,0.08373819163292848,0.07592544316996871,0.007812748462959762
1997,ADV,0.06619433198380567,0.05490745568300313,0.011286876300802544
1997,PRON,0.18549257759784077,0.21392726798748696,0.02843469038964619
1997,SCONJ,0.0,0.026296923879040666,0.026296923879040666
1997,INTJ,0.0,0.02173488008342023,0.02173488008342023
1997,CCONJ,0.0,0.026720542231491135,0.026720542231491135
1997,ADJ,0.04706477732793522,0.0363660062565172,0.01069877107141802
1997,CONJ,0.02786774628879892,0.0,0.02786774628879892
1998,VERB,0.2140358098374151,0.17875095850728465,0.03528485133013046
1998,SYM,0.0,0.0,0.0
1998,X,0.0031458559962367332,0.00034080259009968474,0.0028050534061370485
1998,PROPN,0.0,0.06319048024764988,0.06319048024764988
1998,NOUN,0.26310528327404226,0.13456022265769219,0.12854506061635007
1998,.,2.9400523329315263e-05,0.0,2.9400523329315263e-05
1998,PRT,0.037074059918266546,0.0,0.037074059918266546
1998,NUM,0.0052038926292888015,0.005112038851495271,9.185377779353035e-05
1998,DET,0.0680034104607062,0.06506489449319815,0.0029385159675080486
1998,AUX,0.0,0.06086166254863537,0.06086166254863537
1998,PART,0.0,0.03652267757234955,0.03652267757234955
1998,PUNCT,0.0,8.520064752492119e-05,8.520064752492119e-05
1998,ADP,0.08526151765501426,0.08165062054471614,0.0036108971102981197
1998,ADV,0.06285831887807602,0.05254039930703473,0.010317919571041292
1998,PRON,0.18016640696204392,0.21050239981823862,0.030335992856194705
1998,SCONJ,0.0,0.02655420181193377,0.02655420181193377
1998,INTJ,0.0,0.01811933770696657,0.01811933770696657
1998,CCONJ,0.0,0.026412200732725568,0.026412200732725568
1998,ADJ,0.05380295769264693,0.039731901962454914,0.014071055730192017
1998,CONJ,0.02731308617293388,0.0,0.02731308617293388
1999,VERB,0.2166977487678167,0.17508059316569954,0.04161715560211715
1999,SYM,0.0,3.223726627981947e-05,3.223726627981947e-05
1999,X,0.0026308778473424803,0.0006769825918762089,0.001953895255466271
1999,PROPN,0.0,0.05219213410702772,0.05219213410702772
1999,NOUN,0.2552284534434528,0.138039974210187,0.11718847923326581
1999,.,3.33022512321833e-05,0.0,3.33022512321833e-05
1999,PRT,0.035533502064739576,0.0,0.035533502064739576
1999,NUM,0.0064606367390435595,0.006479690522243713,1.9053783200153815e-05
1999,DET,0.08012521646463301,0.07591876208897486,0.004206454375658156
1999,AUX,0.0,0.06744036105738234,0.06744036105738234
1999,PART,0.0,0.035170857511283043,0.035170857511283043
1999,PUNCT,0.0,0.0001289490651192779,0.0001289490651192779
1999,ADP,0.08761822299187425,0.08101225016118634,0.006605972830687909
1999,ADV,0.06607166644465166,0.05747904577691812,0.008592620667733544
1999,PRON,0.16954176102304516,0.19945196647324306,0.029910205450197902
1999,SCONJ,0.0,0.02491940683430045,0.02491940683430045
1999,INTJ,0.0,0.016021921341070278,0.016021921341070278
1999,CCONJ,0.0,0.027047066408768538,0.027047066408768538
1999,ADJ,0.052284534434527775,0.042907801418439716,0.00937673301608806
1999,CONJ,0.02777407752764087,0.0,0.02777407752764087
2000,VERB,0.21315186077958728,0.18190088988712932,0.03125097089245796
2000,SYM,0.0,0.0,0.0
2000,X,0.0022341113528132166,0.004890114576521764,0.002656003223708547
2000,PROPN,0.0,0.06078526142211355,0.06078526142211355
2000,NOUN,0.26095008524898583,0.12452733630910073,0.1364227489398851
2000,.,0.0,0.0,0.0
2000,PRT,0.036010347463107766,0.0,0.036010347463107766
2000,NUM,0.0046445999176906345,0.00508913086742672,0.0004445309497360852
2000,DET,0.06696454818037509,0.06499303442981832,0.0019715137505567637
2000,AUX,0.0,0.05868137491826116,0.05868137491826116
2000,PART,0.0,0.03616410314730049,0.03616410314730049
2000,PUNCT,0.0,2.8430898700707928e-05,2.8430898700707928e-05
2000,ADP,0.08398494914457053,0.07841241861655247,0.005572530528018052
2000,ADV,0.07116820506790522,0.060330367042902226,0.010837838025002995
2000,PRON,0.1781115879828326,0.20478776334119922,0.02667617535836661
2000,SCONJ,0.0,0.026696613879964744,0.026696613879964744
2000,INTJ,0.0,0.02169277570864015,0.02169277570864015
2000,CCONJ,0.0,0.02746424814488386,0.02746424814488386
2000,ADJ,0.0544711623258275,0.04355613680948455,0.01091502551634295
2000,CONJ,0.02830854253630431,0.0,0.02830854253630431
2001,VERB,0.20947121358553086,0.18232088262661172,0.02715033095891914
2001,SYM,0.0,0.0,0.0
2001,X,0.0010216761010630954,0.0005582879170543666,0.00046338818400872884
2001,PROPN,0.0,0.04737471753289911,0.04737471753289911
2001,NOUN,0.2634267568687008,0.13893393592981523,0.12449282093888558
2001,.,2.7612867596299876e-05,0.0,2.7612867596299876e-05
2001,PRT,0.03346679552671545,0.0,0.03346679552671545
2001,NUM,0.0050255419025265775,0.0051575169480260535,0.00013197504549947604
2001,DET,0.07634957890376916,0.07302937657849262,0.003320202325276536
2001,AUX,0.0,0.056679516150471884,0.056679516150471884
2001,PART,0.0,0.03464043599627808,0.03464043599627808
2001,PUNCT,0.0,2.658513890735079e-05,2.658513890735079e-05
2001,ADP,0.087753693221041,0.08065931144490229,0.007094381776138706
2001,ADV,0.06975010354825349,0.05673268642828659,0.013017417119966901
2001,PRON,0.16990197432003312,0.20380167486375117,0.03389970054371805
2001,SCONJ,0.0,0.029110727103549117,0.029110727103549117
2001,INTJ,0.0,0.017360095706500066,0.017360095706500066
2001,CCONJ,0.0,0.028605609464309453,0.028605609464309453
2001,ADJ,0.054480187767499653,0.04500864017014489,0.009471547597354767
2001,CONJ,0.029324865387270468,0.0,0.029324865387270468
2002,VERB,0.20953768711087561,0.17913074529408765,0.030406941816787963
2002,SYM,0.0,0.0,0.0
2002,X,0.0015896145184792687,0.0023975922052747027,0.000807977686795434
2002,PROPN,0.0,0.05246645921542621,0.05246645921542621
2002,NOUN,0.2623393826996953,0.13497933989695454,0.12736004280274077
2002,.,2.6493575307987812e-05,0.0,2.6493575307987812e-05
2002,PRT,0.030838521658497816,0.0,0.030838521658497816
2002,NUM,0.005351702212213538,0.005305310411671683,4.639180054185569e-05
2002,DET,0.07622201616108094,0.07506504106514308,0.0011569750959378594
2002,AUX,0.0,0.055399683721879305,0.055399683721879305
2002,PART,0.0,0.03172983726980564,0.03172983726980564
2002,PUNCT,0.0,7.651890016834157e-05,7.651890016834157e-05
2002,ADP,0.08877997085706717,0.08304851298270673,0.0057314578743604405
2002,ADV,0.06414094582063849,0.05657297352446054,0.007567972296177949
2002,PRON,0.1724201881043847,0.20532571545171657,0.032905527347331875
2002,SCONJ,0.0,0.02247105034943631,0.02247105034943631
2002,INTJ,0.0,0.01831352344028975,0.01831352344028975
2002,CCONJ,0.0,0.030684078967504972,0.030684078967504972
2002,ADJ,0.057226122665253676,0.04703361730347396,0.010192505361779715
2002,CONJ,0.0315273546165055,0.0,0.0315273546165055
2003,VERB,0.2095836680686168,0.17769367561898683,0.03188999244962998
2003,SYM,0.0,0.0,0.0
2003,X,0.0017012428524171826,0.0015959144589849984,0.0001053283934321842
2003,PROPN,0.0,0.05900323742647394,0.05900323742647394
2003,NOUN,0.2725060252351023,0.14598057544115636,0.12652544979394595
2003,.,2.3628372950238646e-05,0.0,2.3628372950238646e-05
2003,PRT,0.033434147724587686,0.0,0.033434147724587686
2003,NUM,0.006332403950663958,0.006520450503852994,0.00018804655318903612
2003,DET,0.07639052974812155,0.07432401623272993,0.002066513515391624
2003,AUX,0.0,0.058091286307053944,0.058091286307053944
2003,PART,0.0,0.03460854498198897,0.03460854498198897
2003,PUNCT,0.0,0.00018239022388399982,0.00018239022388399982
2003,ADP,0.08317187278484003,0.08018330217500343,0.0029885706098366077
2003,ADV,0.06571050517461367,0.05674615840590944,0.00896434676870423
2003,PRON,0.16426444875005908,0.19317404587114131,0.028909597121082237
2003,SCONJ,0.0,0.022753180429528976,0.022753180429528976
2003,INTJ,0.0,0.017327071268979984,0.017327071268979984
2003,CCONJ,0.0,0.02760932014044047,0.02760932014044047
2003,ADJ,0.05836208118708946,0.04420683051388446,0.014155250673205
2003,CONJ,0.028519446150938047,0.0,0.028519446150938047
2004,VERB,0.20429579769083345,0.18052513941254825,0.0237706582782852
2004,SYM,0.0,0.0,0.0
2004,X,0.0019398868788856169,0.0010159618901406542,0.0009239249887449627
2004,PROPN,0.0,0.06186079064411984,0.06186079064411984
2004,NOUN,0.27364091057822654,0.14435689612354097,0.12928401445468557
2004,.,2.3372131070911045e-05,0.0,2.3372131070911045e-05
2004,PRT,0.033211798251764596,0.0,0.033211798251764596
2004,NUM,0.0074790819426915345,0.0075632718488248705,8.418990613333604e-05
2004,DET,0.07883419810218295,0.07743887295960987,0.0013953251425730812
2004,AUX,0.0,0.04815659359266701,0.04815659359266701
2004,PART,0.0,0.0344749734721062,0.0344749734721062
2004,PUNCT,0.0,4.515386178402908e-05,4.515386178402908e-05
2004,ADP,0.08502781283597438,0.08202198993068882,0.00300582290528556
2004,ADV,0.06462394241106904,0.053575057006750505,0.011048885404318538
2004,PRON,0.16680689945309213,0.1917684509967715,0.024961551543679378
2004,SCONJ,0.0,0.023502585058587135,0.023502585058587135
2004,INTJ,0.0,0.022644661684690582,0.022644661684690582
2004,CCONJ,0.0,0.03023051046440747,0.03023051046440747
2004,ADJ,0.052867760482400786,0.04081909105276229,0.012048669429638496
2004,CONJ,0.03124853924180807,0.0,0.03124853924180807
2005,VERB,0.1898962110791547,0.18085592629122663,0.009040284787928066
2005,SYM,0.0,0.0,0.0
2005,X,0.0014755533324996874,0.001467439678606654,8.113653893033384e-06
2005,PROPN,0.0,0.08381245639779643,0.08381245639779643
2005,NOUN,0.31824434162811055,0.12571868459669466,0.1925256570314159
2005,.,0.0,0.0,0.0
2005,PRT,0.03386269851194198,0.0,0.03386269851194198
2005,NUM,0.006502438414405402,0.00678390146503404,0.00028146305062863846
2005,DET,0.07307740402650995,0.07303519449589839,4.220953061155608e-05
2005,AUX,0.0,0.051119824869494096,0.051119824869494096
2005,PART,0.0,0.03548317255647237,0.03548317255647237
2005,PUNCT,0.0,4.811277634775915e-05,4.811277634775915e-05
2005,ADP,0.08093034888083031,0.08114219731049581,0.00021184842966549822
2005,ADV,0.057546579967487806,0.052106136784623155,0.00544044318286465
2005,PRON,0.16491184194072778,0.20120763068632874,0.036295788745600965
2005,SCONJ,0.0,0.021554523803796098,0.021554523803796098
2005,INTJ,0.0,0.018379080564843994,0.018379080564843994
2005,CCONJ,0.0,0.027352113353701076,0.027352113353701076
2005,ADJ,0.04559209703638865,0.039933604368640095,0.005658492667748552
2005,CONJ,0.027960485181943228,0.0,0.027960485181943228
2006,VERB,0.21489312267657992,0.18977660147137987,0.025116521205200054
2006,SYM,0.0,0.0,0.0
2006,X,0.002300185873605948,0.00069531670554459,0.0016048691680613583
2006,PROPN,0.0,0.058608469406064956,0.058608469406064956
2006,NOUN,0.2703531598513011,0.13547460972546205,0.13487855012583905
2006,.,2.3234200743494423e-05,0.0,2.3234200743494423e-05
2006,PRT,0.03422397769516729,0.0,0.03422397769516729
2006,NUM,0.00566914498141264,0.005831688498115916,0.00016254351670327676
2006,DET,0.06886617100371747,0.06767001614929123,0.001196154854426243
2006,AUX,0.0,0.05275435133680244,0.05275435133680244
2006,PART,0.0,0.036201327830611876,0.036201327830611876
2006,PUNCT,0.0,2.242957114659968e-05,2.242957114659968e-05
2006,ADP,0.08262081784386617,0.07962497757042886,0.002995840273437314
2006,ADV,0.05866635687732342,0.05199174591781805,0.0066746109595053685
2006,PRON,0.1792053903345725,0.20982863807643998,0.030623247741867476
2006,SCONJ,0.0,0.022496859860039475,0.022496859860039475
2006,INTJ,0.0,0.016373586937017764,0.016373586937017764
2006,CCONJ,0.0,0.026825767091333212,0.026825767091333212
2006,ADJ,0.055971189591078066,0.04582361385250314,0.01014757573857493
2006,CONJ,0.027207249070631972,0.0,0.027207249070631972
2007,VERB,0.20668014041059463,0.17688679245283018,0.02979334795776445
2007,SYM,0.0,0.0,0.0
2007,X,0.0012764599510690351,0.0006152584085315833,0.0006612015425374519
2007,PROPN,0.0,0.06757588187038556,0.06757588187038556
2007,NOUN,0.26529092649718117,0.11566858080393766,0.1496223456932435
2007,.,0.0,0.0,0.0
2007,PRT,0.03286884374002766,0.0,0.03286884374002766
2007,NUM,0.0037230081906180195,0.003383921246923708,0.00033908694369431166
2007,DET,0.08254441016913094,0.0805988515176374,0.0019455586514935397
2007,AUX,0.0,0.05844954881050041,0.05844954881050041
2007,PART,0.0,0.03435192780968006,0.03435192780968006
2007,PUNCT,0.0,0.00020508613617719443,0.00020508613617719443
2007,ADP,0.08913945324965429,0.07834290401968827,0.010796549229966021
2007,ADV,0.0689288373577279,0.06173092698933552,0.007197910368392374
2007,PRON,0.17785341984895223,0.21031583264971287,0.03246241280076065
2007,SCONJ,0.0,0.025225594749794914,0.025225594749794914
2007,INTJ,0.0,0.021534044298605413,0.021534044298605413
2007,CCONJ,0.0,0.022354388843314192,0.022354388843314192
2007,ADJ,0.04903733645356877,0.04276045939294504,0.006276877060623728
2007,CONJ,0.022657164131475376,0.0,0.022657164131475376
